0,1,2,3,4,5,6,7,8,9,10,11,12,13,14,15,16
1,0,1002000,0,4,1001001,3001000,4002001,6001002,1001001,1001001,0,0,1001001,1001001,0,1001001
1,0,0,4,8,1002000,0,3001001,1000002,1001001,1001001,0,1001001,0,0,0,1001001
1,0,1001001,6001002,1000002,0,4002002,13001001,0,2000000,3000000,2000000,3001001,0,2000000,2000000,2000000
1,0,0,2000000,3000002,6000001,4000000,10001001,0,2000000,2000000,2000000,2000000,0,2000000,4000000,2000000
1,0,5000001,1000010,1000002,0,4000000,7002001,10,2000000,0,2000000,4000000,2000000,3001001,2000000,2000000
1,1000009,0,10,1000004,4000000,7000001,3001001,1000009,2000000,2000000,2000000,3001001,3001001,2000000,0,2000000
1,8,5,1000010,1002,1002,7001002,0,10,3001001,0,0,0,0,1000002,2000000,3001001
1,8,8,10,1000006,1000002,1001001,6000001,14,0,0,0,2000000,1000002,3001001,0,0
1,17015026,185193196,1000004,0,0,0,1000002,10,0,0,2000000,0,0,0,0,0
1,10,4,10,0,0,4000000,0,1000003,0,2000000,5000001,2000000,5000001,2001001,0,2000000
1,8,2001001,4,1000002,0,1000002,4,18,2000000,0,2000000,2000000,3001001,0,3001001,2000000
1,153116137,3000008,10,0,0,0,0,10,0,2000000,0,0,2000000,0,0,0
1,11,9000006,14,4,15000001,5000001,4000000,4,0,0,0,2000000,2000000,0,2000000,2000000
2,32061,2040068,4029063,1030071,1001019,21106133,9101135,1093127,50137157,55144165,44133154,47133159,47135152,49131156,48139160,36122145
2,1061101,2061117,2021069,39091,1029056,4063111,3029063,19055,58149170,59146166,46135155,27114140,54140160,66158179,57147170,58146170
2,28059,2013033,1011041,14042,1013041,2020049,3023064,2043120,56146170,24104127,40125146,43129151,50140165,25106131,37126147,45129154
2,6088119,1034065,5087118,8077106,6088119,7091119,14094130,58097,50133154,46132151,43127151,43135159,42128150,36124148,52137159,42125149
2,12038,3038077,5049102,1010053,3015042,1002027,3035074,12050,32134154,23117138,17111130,12104123,16110129,24119142,22119140,29127151
2,1015038,3041077,18045,2021050,1015044,1029063,1026066,3037091,37131154,36129154,36127151,27127147,24123145,23122144,23118141,33125149
2,2007032,10037067,1017037,6029061,3015039,20051,17048,4036085,52148171,57151174,40142161,41142164,28120145,32123144,35128151,46136160
2,42109130,38108131,33104124,52115135,61123141,55125149,50121148,19102130,83142161,113170187,76135155,74136152,108165184,70128140,83140155,98158175
2,47121145,48113134,45111132,38105129,47114135,35102127,34103130,37110132,87145160,73143162,83145160,54115141,89149165,71130145,66125140,72135146
2,52120140,49115136,45117141,62128153,57128149,55123145,58128157,44117145,54113132,97154169,81146165,79149173,82143153,72133153,80139155,93153166
2,31061,18080110,14089117,19096116,16091117,12080115,4069101,1050111,48126145,64139161,51137159,36121143,50133155,46121142,41117135,46120144
2,12087112,14094119,7087112,11089116,90116,1083114,87122,20100125,51132155,52135157,53131149,41116138,39113131,42115135,37110130,45121144
2,30104130,26098122,26100125,28100122,17099124,23104127,23108135,21102127,69144164,67139157,64133152,55131146,55129147,56134153,51129152,60137156
2,50113137,54114136,50112130,39102122,38106128,27098134,31091120,15076115,78135152,78141162,72133153,77137158,76133148,89150170,76134149,70127144
2,85149170,68131152,62126144,49110132,1045076,12095134,20116162,82149174,103156169,91151167,99161177,97152165,91149164,96146160,92148163,80137157
2,42112136,51122142,18082110,26084120,53119144,64133156,57124145,58129156,102158177,118175197,109168183,86146161,87145158,80135149,78133148,83141160
2,3075133,6076109,25090112,38112140,51122153,29098128,1041079,3092158,82140161,83148163,72138157,63130153,73136157,61123143,76135154,83146167
2,35115147,38109139,52128157,39103128,35103127,1066115,6092128,21047,87149161,90147162,78142160,84146170,83148168,74132144,62121134,74133153
2,51131152,54121145,57124150,51117142,63191228,15118168,32132182,19108144,109166173,105172188,103164182,72131146,109168186,91159181,93152168,84142162
2,31104133,48131155,49123150,43108130,58124147,33107133,28102129,28122152,59122142,84151174,72139160,44115142,68132150,61123134,65125147,76138156
2,38107131,29104126,24101124,5019042,2009028,12049081,3016043,13102131,71146162,76148166,61132150,58124143,55124143,60130149,56137159,60133151
2,9095125,20100125,1040060,3022060,3017044,1028062,1010034,12095126,70141156,65137155,59133156,56124143,49116133,31101125,53121140,63132149
2,29109135,11095121,2022049,13058082,1027054,40117139,36119145,37107130,64136153,84158176,61134156,56129147,72144162,63132151,64133150,68131152
2,11092120,4059079,28091111,28057,6053080,10027058,16079114,30093127,72138153,71141158,67140161,65135158,57124144,65134152,61125145,58127147
2,29103131,32104129,24091116,42107137,48115136,41111140,41115141,43111134,99163181,87148163,72133149,69128144,76134147,66124143,75136149,96164185
2,37106128,1096138,43105129,40103124,41105126,40109132,36106129,38108131,65125141,93148163,90155171,79142170,76136152,81142152,81136150,78139149
2,37104129,28100124,31101125,30097118,44110129,55119143,45112133,3099135,103158172,93150165,89146161,82140175,67125137,79139153,60119138,74132151
2,33107135,34101122,30098121,18088128,40107130,30101125,22093116,23097125,77135149,68128144,37096115,69131145,72130146,72131147,75133148,82136148
3,70051090,109092135,68056092,60055087,44022047,55047088,77065113,83073115,97091122,126113137,116105129,100091118,109092113,99086112,86077098,81070096
3,58049085,44023047,49035061,75088138,68076139,37026057,32037090,24011034,111102124,105095116,105092117,112100128,105092116,121106130,92079103,97084108
3,89084113,86080111,82066097,145142188,76073123,38022059,74072120,65058095,114099124,128113133,110099125,87081112,98085111,97076098,99083106,85075098
3,78077109,84077108,84079110,51037061,104096144,100116165,84076113,72072102,87081112,110098118,105096118,86073095,109096120,89076098,90077099,76067093
3,100096125,0,0,0,0,0,0,94085111,94088111,103093115,86080104,79070095,101087105,104086103,85075097,68060077
3,73070095,72067094,0,0,0,0,79070096,63057080,88079100,90081102,82072095,88081103,114096120,102085098,80072095,70060080
3,90082106,86086119,160170196,0,0,121105123,106094116,113103126,90084107,89080100,82076099,79074094,92080099,101085105,88072093,85077098
3,74075099,77069092,110124153,160144158,146123137,102089111,93085108,68066095,92081101,99087103,82076099,70062085,90077098,90078094,73060074,69061082
3,69063086,73067092,57054083,64060084,95085108,57034059,38034062,68069098,93083106,86074094,98089115,86070093,88077097,71063086,47039063,68057078
3,97088115,84075101,80068090,95078095,110098117,105092116,77079109,84079110,108097118,105095117,86077098,89076102,80068090,83073091,68064083,87076097
3,53054083,69063088,65065091,71065088,82072092,87080105,72065088,92084110,87078099,93083109,83076097,76067088,80069089,86074094,65058079,79071094
3,104103134,111107128,0,0,0,0,100093120,103100126,116112147,124117144,103093123,115103125,101091113,107094116,81065089,93084104
4,57087116,76102128,102151173,56078099,71096122,79106127,78102126,61091116,84103124,94115136,76100120,70092117,73089105,69086105,60081099,60079098
4,45075100,46070094,48073100,51072098,86107126,94118139,52080104,51078104,93111134,84103124,62083104,52076104,63080101,63080099,59077095,82098115
4,60082106,152124109,178175184,51080101,46080104,47069098,56059083,59081108,61086110,65090110,43068094,34054072,57083100,47068086,58083109,38062084
4,55088113,46078103,32061089,38064092,2007038,44027030,41074106,49078104,60084106,68092110,40070095,44070086,60075097,58073092,67094119,41066092
4,88102128,54084110,44079105,57084111,67098124,70098123,67097120,183216242,80104126,32062085,71094116,59083105,59083103,66087109,53077097,67091113
4,38069100,39068095,42073104,64088108,70096116,69097121,32075118,2029,63086108,81097113,74099123,35062089,50074095,62081102,41062083,39061080
4,55082104,58085105,37060082,56077098,86102119,116138158,74105130,68103129,51075095,75100126,57084104,53077096,61081099,55079107,54080097,30055075
4,5018050,34070103,1019052,62087111,83108131,96116141,89116143,37071101,60084109,60083105,67094121,40066096,58087114,35062088,35057081,46067088
4,82105131,3019042,2005033,1033091,5034078,89111139,77102126,62092118,101125145,97115132,82103124,61085105,59087104,58082100,79105126,74098126
4,27067109,34073112,23059095,46078113,2024066,28078,2001021,6044,57088113,55086119,35068094,29065103,42072103,38073099,28057088,45079109
4,1020055,2021065,11039073,53093128,85121151,83117146,15062118,19056,86118146,95125152,89121149,70106135,73109139,71105135,62096125,72106136
4,2029068,1028065,12046088,47086122,64102132,87125156,80127168,1010053,74107136,91122147,73105134,54090120,63097127,76109135,77107134,60092120
4,15056105,18059098,16055099,35075113,41082121,28070113,14055105,5047,62098134,51089120,36075116,52095129,42076112,67110149,34068105,38075110
4,24068107,27068107,15057099,27060107,51090128,77113153,61106147,28070112,59098137,57097134,40075108,36073111,61090123,108148186,50079113,37074108
4,30072115,33074110,33070108,35074112,44082120,47088127,49089131,26073111,59096130,72110145,55094132,38074114,57088121,61092127,41071106,50098138
4,16055093,22061100,8045084,10047085,23065102,48085119,19057092,21060099,46077110,44075107,37068101,19049078,50082113,27057086,20048082,24058087
4,30073112,25064102,26065107,32071109,39081118,39078116,29069106,26067104,61092125,64098127,49080113,24055086,28061092,25057086,27058089,42075108
4,32068106,33067097,22057090,29062095,18037076,1006055,28071114,24059092,46070098,60091120,35068094,34061085,32055077,33058078,28051072,17040068
4,32072107,27060093,22057090,37065100,11034070,1000021,6017064,23063102,41067097,71096122,31059093,31056084,39069094,31056082,38061086,28052080
4,46087126,44084117,37079114,51085121,62100134,64101138,49092137,33076123,74104132,93118144,70100127,54086115,52081108,60086110,44073100,55083113
5,0,0,0,0,0,0,0,0,9110,2106,95,106,1002110,95,1000098,1000083
5,0,0,0,0,0,0,0,0,84,1015117,90,1001091,104,1001108,1000094,1001095
5,0,0,0,0,0,0,0,0,18126,1027143,15122,1020125,1007113,2012125,3112,4112
5,0,0,0,0,0,0,0,0,1000094,86,90,84,87,1000091,1001079,1000088
5,0,0,0,0,0,0,0,0,90,1001095,1082,2000076,1000092,1089,1000089,90
5,0,0,0,0,0,0,0,0,1000092,103,86,90,1000081,1000085,1089,86
5,0,0,0,0,0,0,0,0,2106,1000103,2101,3002093,90,94,1089,90
5,0,0,0,0,0,0,0,0,94,2001104,1096,2003103,1092,94,1000079,77
5,0,0,0,0,0,0,0,0,1011119,2007127,112,2096,113,2000115,1109,3004112
5,0,0,0,0,0,0,0,0,1000086,104,2002097,2001075,1000080,86,1001077,1001079
5,0,0,0,0,0,0,0,0,94,95,1001078,90,84,1001085,94,94
5,0,0,0,0,0,0,0,0,1093,2000100,3000080,84,1082,86,1001079,1000094
5,0,0,0,0,0,0,0,0,3112,1001109,3001114,102,108,1113,4017147,1002107
5,0,0,0,0,0,0,0,0,110,2114,3111,104,1000096,101,1001115,1000100
5,0,0,0,0,0,0,0,0,110,2001098,94,90,1000098,1000097,1092,90
5,0,0,0,0,0,0,0,0,1076,1000082,80,77,80,76,70,1000074
5,0,0,0,0,0,0,0,0,1094,1002101,12116,1000098,1098,1002106,94,1000103
5,0,0,0,0,0,0,0,0,4002108,1011118,3004104,2000103,2000096,1000104,1000098,94
5,0,0,0,0,0,0,0,0,1004109,8119,2008113,1000103,94,90,1092,1002106
5,0,0,0,0,0,0,0,0,7104,1002106,3006110,90,1000096,1099,88,1000087
5,0,0,0,0,0,0,0,0,1099,100,1099,1000092,94,1000095,1000098,91
5,0,0,0,0,0,0,0,0,3108,2007109,1099,1000096,1093,1089,2001096,1001101
5,0,0,0,0,0,0,0,0,1089,1093,94,86,88,88,90,3001078
5,0,0,0,0,0,0,0,0,1000088,1000085,1000080,1000080,1001095,86,1000086,1000080
5,0,0,0,0,0,0,0,0,1000072,81,1002084,1000072,1000075,2002096,1000072,2000077
5,0,0,0,0,0,0,0,0,100,90,1001097,85,94,1000092,90,76
5,0,0,0,0,0,0,0,0,83,1095,1000097,2001081,5006128,2000090,1000094,1000096
6,1001041,27,1022,14,37,1001071,1002060,1022,70,1000064,60,1052,1000064,1062,58,60
6,1022,1000023,18,20,2001032,2001054,2000057,14,1000067,1000067,1001077,64,1000063,3001071,64,1059
6,1000027,1000027,18,30,1000020,4000065,1062,54,1000069,2000070,1000064,60,56,1000064,1000062,60
6,70,1001061,1022,14,16,3002068,1000067,69,94,71,1000065,1000067,3004093,1000072,69,78
6,60,1000069,34,1000044,1018,1056,1000072,1001071,1086,1083,1000062,1000062,2001075,1000069,7081,93
6,71,1000066,1001065,61,1000033,18,1000020,40,1089,95,79,70,1000095,3000080,2001075,66
6,1069,70,1000040,1000032,30,1000020,30,2000059,1000093,1000103,88,1000074,70,1000074,64,2000076
6,30,47,63,2000052,1001067,24,36,1032,90,104,1001094,1001082,1000074,80,1000071,1069
6,2001045,1000066,1001043,1001049,85,1108,4001081,1000026,112,1000098,70,1107,1092,88,76,94
6,48,1000061,59,1051,24,1000020,17,24,95,1000080,2000077,3000079,70,1000062,1000062,1000076
6,2000054,54,34,1000020,16,1001015,1001019,14,1000069,2001095,60,54,1000068,65,1059,1059
6,40,2001045,1000040,3000056,4002094,1000021,1000020,1000020,88,3001101,1099,1000080,90,2086,1075,1001068
6,2001021,34,1000039,1000020,1001017,2000028,1022,1000020,1001091,1089,1102,76,88,84,1001079,93
6,1062,1059,1000049,1052,1001055,76,34,1000043,54,1000056,1001049,2000053,55,64,1052,2000046
6,1000056,1000051,39,47,55,1000080,1000044,40,1000054,1000055,2000053,1000044,1000056,2001064,49,1000044
6,55,54,1051,1001054,1000055,1000068,2000052,1000057,1001049,1051,48,1000051,55,1052,1000044,48
6,2000052,1000044,4000049,1000044,1000063,64,1061,2000052,46,47,1052,48,57,1000045,2001045,1000042
6,1000050,1000058,54,1000056,1000064,60,1000050,54,1000062,1059,1050,2000052,60,50,1001049,54
6,48,1000050,47,61,1062,64,54,1000044,64,1062,1052,1000050,1000062,85,54,1000050
6,1049,1000050,1000050,54,1000062,76,54,46,60,60,1051,54,58,64,2000058,54
6,1000050,1001055,0,0,0,0,44,2001045,1001049,1000056,2002042,1000046,54,1000050,1000044,2000050
6,54,2000106,0,0,0,0,1058,1000050,54,1053,1001055,48,54,1000052,1000050,48
6,1000050,2001045,0,0,0,0,1059,1000044,50,1000050,1000042,1043,1001052,1052,46,2001044
6,1000056,59,54,2000059,1000074,2000070,62,2000054,3000062,3006077,48,1000044,1001061,55,1001056,54
6,1000066,2000070,1000067,63,1000069,1051,32,1001065,1000064,1062,60,1059,1000063,1000066,1063,1052
6,2001069,2002080,0,0,0,0,1000068,3003098,3069,3001067,1059,1001055,1002087,1001071,54,1059
6,58,1087,2000155,1000079,2000070,1001079,1000063,54,1050,53,1001049,1052,57,64,1000044,1000043
6,54,1052,1052,69,2001165,1000124,3000072,1052,1000050,53,1000044,45,53,1000050,46,1000050
6,1059,1000065,2106,98,1000062,1001061,1059,2000059,1000050,2000060,3000050,55,53,2000052,38,2001045
7,34000001,57007017,46004011,41001009,105020045,146028065,151045064,19000001,72011009,90021018,67003002,56000000,67005005,51001001,50000000,55000000
7,101015025,61005013,51002004,56002001,57004017,48000016,40000001,56000000,61005004,81014011,76012008,67005005,67006004,74011011,59004007,46000000
7,51000000,53006009,53000003,66005003,68014021,178064097,64000000,51001028,65006003,77013009,80014019,60000000,63002000,59002001,52000000,61004005
7,53002009,50000004,47000002,38000000,51001000,43001001,36001007,45003010,87025023,91022019,67004000,53000000,60000000,62001001,51000000,62004005
7,76000001,57001001,53001000,53006008,73012008,81017017,55005009,117003002,85016013,82012012,68002003,66002001,84018019,83009005,58001000,71006005
7,57001002,102001000,59000011,70017037,84024030,62006014,55000006,32001006,90019017,99022020,92018016,60000000,64000000,93016014,74007006,89034041
7,56000000,52000000,54000000,49001000,49001000,66011015,57008011,102002006,88015011,81008010,69005001,76009008,54000000,70006002,71004001,83016013
7,32000001,54000000,42000001,53004004,59005005,53003005,40002008,29000002,79016014,73015019,95027028,73010006,66005003,74010005,68006000,65007008
7,47000000,124014016,105003003,55005005,74020020,92031035,62015018,44000006,81019013,81018012,85022018,71008004,71009008,78013012,67006004,77014010
7,67006014,58007013,41001000,53004006,66011014,66012017,38001006,65000000,85020022,96029028,66005001,57000000,66003000,70007003,56005002,62003001
7,75004006,60001001,88002001,74017020,87026031,83025029,47005013,55000000,93026023,113037031,115043036,87022021,83020016,98030025,96025021,78014011
7,49001000,142029034,63000000,54000000,70006005,63007015,19001002,24000002,60000000,72007006,73004001,55000000,57000000,55001000,60000000,54000000
7,38001007,48000002,31001000,44001000,92000006,102004017,32000001,33000004,61001002,75008005,57000000,52000000,52000000,60000001,46000000,54000000
7,43000000,40000001,43000000,35001002,39001002,26000008,21001000,25000000,64003001,74009008,69003004,56000000,57001000,56000000,56000000,48000000
7,38000010,65039043,51020027,67030039,102060063,86053059,17000001,22001000,98060066,99061061,90051048,71039046,71037037,62028028,62026027,77040042
7,47000000,47004001,30000000,81045046,91049047,92052053,21002017,20000001,93052059,95057057,74040046,85047045,87040036,69033033,56023024,58027033
7,82045046,77046049,68033037,63026030,93048045,95061067,77046055,117049047,90048055,92055059,66034039,71036040,92047044,70033035,47016019,68033037
7,31000001,40000001,12001022,1000025,20000003,26000000,17000001,24000000,73013007,88025017,72014014,66007005,65010006,77017012,70009005,63008011
7,32001001,38001001,35000000,22000006,21001011,31000001,19000001,23001002,76016016,92026021,73014011,70011009,66010005,60006005,61004005,60003001
7,57000001,55000000,65001001,89008020,83001000,54000000,38000000,76000000,86025023,81020016,77019014,67007007,77017011,74016009,56001004,63006004
7,212081017,60012018,49000002,60007007,70017014,84026027,76020020,63013017,78020016,98033025,82018014,73011011,58000003,74012008,62002002,69012011
7,68013016,61011009,49002005,52011016,71013015,88030035,69016019,39000006,92020016,92028024,81017015,73017020,68007003,71010006,63004003,61005007
7,48005008,44000000,42000001,55000000,68016017,71014013,70004009,49000002,75013007,87022021,68007003,56001000,63002000,67009004,54000000,54000003
8,1004009,3008,2006,3004,4007,1016022,1010014,1008015,7010,2016015,4007,3007,4006,4006,4005,6001
8,1004009,3008,2007,1005,4007,1000009,18061060,2041040,4007,2015017,5006,3007,4007,5006,4005,3007
8,12,1002,4,2003,1002,2018021,1019020,10,5010,1009009,4005,3007,1005006,5008,3007,3008
8,2010,1004005,2003006,3022027,21023,1027033,1043065,1008013,9012,1005006,3007,3007,4005,3008,3007,6011
8,26034,16022,3020028,3015022,1015018,26032,1032039,1035039,1023027,2037041,17022,1017020,26027,19022,2016025,12016
8,2002008,3008,2007,1011,8015,12018,2007012,12018,8015,3017023,2007014,1008013,1015017,3008,3007,3010
8,20031,13021,1006015,1013016,1032041,29036,1022030,21027,1038042,2027031,2026032,1016019,1015021,18023,11014,1017024
8,31123120,43115108,2026023,6009,12018,20022,9082101,8135154,3006,1004005,4005,2007,5004,4005,5004,5004
8,1026041,4031035,1012016,2008009,2004006,1002008,3007,1000010,3008,4005,4005,5004,3007,4005,3007,3004
8,3008,3004,3008013,4005,10015,1021023,5012,1007014,12018,1005006,4005,4005,5003,5003,4003,1011015
8,4,1004,3006,4005,1011018,2007,5,1001,2010,4005,16022,5008,3007,1005006,4005,4007
8,11,3008,1009,3008,8013,3007012,2005014,1011,14020,2022024,1014016,1007011,1005010,3008,2006,8008
8,4013,5011,3008,3007,5010,3008017,12,2005016,15022,15018,3007,1005010,10012,4005,3008,16021
8,1010014,1011,1002008,3007,3008,1005,1000010,1003014,19024,17020,1007011,1011013,2014016,10012,3007,1010017
8,1007018,1011018,1005011,1017023,17022,30039,18023,12018,15024,1023028,1018021,1009016,17020,15018,5012,6013
8,27037,3022029,3002005,1002,8030034,17025,2016024,4016026,1035041,29034,1020028,1014016,24029,8015,5008,1023029
8,1000010,1003004,1011,2001010,32036,1031042,1019026,1009,1027033,36044,1022029,1017022,1020025,2023025,1012018,1009015
8,6015024,3016024,2007,1025039,8044054,26031,3023033,1028039,20028,1035035,29032,16023,21029,20025,14020,1029039
8,12,2003,1002,15028,1012019,26030,1025036,4038044,29034,31035,2032037,2015022,2024029,18021,12018,7047061
8,3006021,6020,3010025,12,1002016,3015,1001018,1012,20031,9018,1009021,2013,1005013,2017029,2013,12024
8,1002016,12,1005,2002,2010013,1006017,4015,18,1019028,17030,4017026,5014,7017,9019,2013,5018
8,1007020,1001015,1011,1011,1004018,2006021,1001014,1013030,1015027,14026,1012,2010020,5008022,19026,1003013,4015
8,1015,3019030,22044055,7018027,3014,9022,2005019,4005019,1015024,1021033,1010018,4006017,1008017,1012022,3011,3005016
8,1012029,1006021,1001017,1014031,12028,9029,6018038,1011028,2027047,2010027,1016035,3018,3013027,4022040,6019,1012026
8,2001010,2003011,1002012,2014,1011029,1018037,3021,14,17030,2027044,24044,5017035,1016032,1012026,1001014,1010025
8,1007024,1002016,1002014,1017,1010024,1018037,1014030,1011028,1028049,30049,16037,10032,2018035,1009022,5020,7026
8,1000015,1002016,14,18,20038,1014030,8021,1008025,2016034,2018034,8026,13,9023,9020,2013,14033
8,15,18,1000013,1000015,8035,38068,1015047,14,4025,20045,16039,9033,6026,10032,6025,9029
8,12,16,14,2012039,17,1017,1021,16,19043,19040,1012034,3001023,3010030,9031,5024,13035
8,15,10,8,4003,10,11,12,13,1014040,20045,2008031,9029,1013037,14033,4025,3008034
8,1022050,24047,2014024,10,14,1002022,3008,1024052,1017039,2027053,2027,4028,5024,8031,10033,11038
8,4019,14,13,1009,2010,1003014,1006021,6023,1006021,2012026,2008019,2004014,14,1015,1015,2013
8,1012,1004015,14,2001011,1004013,2011028,1003014,1006021,2013027,16028,2013,14,1003014,8021,1015,2004023
8,2003018,1015,12,1011,1015,12021,1002017,1004019,15028,1013025,4015,2003017,2014026,8023,16,1016029
8,1011025,1007019,2013,1004012,2020032,22037,15028,3015029,13025,16029,1016028,1010024,2018035,1017030,3018037,11025
9,75069075,84073080,92073059,70059057,22001000,11001004,11001015,53052060,120107105,99080073,92079072,82070064,84066059,75063057,65055049,70058056
9,72062068,66060061,30020014,12000012,13000000,15002000,30019025,64058063,88076070,88079070,78065057,64051049,75061055,79065059,76064059,68054048
9,88080081,81071076,75061054,40024048,34015013,59038050,82070078,91087099,78063060,119103096,106096089,101087081,96083075,99085079,88073070,130126125
9,68061064,59053054,22005001,17000001,12000002,12003001,16002008,62057065,96082076,98084078,84069063,76065057,84071063,81069062,71056057,59045047
9,88075070,74061059,66050047,67050043,72062056,84074072,83072072,89076077,86067060,97082076,69056048,76060054,93074069,80064057,78058053,78061059
9,70056054,63053053,60048048,72057054,91075069,99082085,90071068,76066068,106085079,103081073,82066060,73056047,79060053,73059053,73054047,94082082
9,75060061,70058052,59047046,80063060,97084077,106086081,82066063,74064065,83068062,86072071,87069062,81063056,99082073,88066060,73057050,83065064
9,82068069,77058054,78060055,77057050,89075075,95080079,82070070,70057055,95079072,97078070,82063058,73059053,84064057,88074068,76057052,77061055
9,15001007,61049061,66039024,45034037,52027023,22002001,6016062,9001012,92076070,96082074,88069062,78058057,80064058,81061056,71052047,91075073
9,20001004,68056056,62045048,76060055,115090081,61040042,18003005,13018041,79067063,97078075,84069063,69055049,80066060,72056054,66048041,74061059
9,29013024,69057057,66053051,83063055,83061055,31003003,14000001,9001002,84066068,99080073,80064057,63048045,82067058,80058052,64048042,81067064
9,89071068,82070069,75059060,72048046,104064045,152066034,166092013,155066049,100083080,93077071,86071068,76061059,85066059,91078088,65051045,81070073
9,92068062,67060063,68056054,84067060,82073068,102090088,88076074,81069069,92077074,89075076,99083076,88072066,80068062,80068064,78067059,84073069
9,76064064,66068074,30019015,65053050,83069063,108096097,99086084,77065067,97083077,103089083,103086079,90078072,81069065,80067060,77063057,87074068
9,88075073,81069068,77068068,88074068,109098094,125110105,106094090,91083084,108092083,122103100,109097091,95081075,103089083,102087081,87067062,89074071
9,58052054,67057057,66055057,70062055,95080072,95082074,69062062,41040046,82069067,109092086,82070064,71059056,82069063,84066059,70055052,89075070
9,64062061,88081082,81066060,102082065,107085076,120110103,77053051,74062065,110097089,122105096,92080070,86070067,84073065,84068061,80071058,97085077
9,28009012,98082074,102090084,89073067,100089079,86080071,78062073,20000000,96084080,108090081,137122116,91079071,91079069,97087077,81071061,80065061
9,84075072,75068071,79069066,80073078,109091080,120109101,94081079,89079084,96086079,116100088,113094087,96083081,85072064,77069062,75067063,90083086
9,104083081,88079076,81069059,84072066,98089085,99094097,90084079,89081082,108095087,118102090,92087085,93084071,87074066,81068060,68056054,74063058
9,76070072,76068063,24000000,16001000,69048066,12000000,22001000,64054054,94078068,119102092,110100091,84068061,81069061,77065060,75065058,73064054
9,91044021,45016001,90104132,37021045,45019018,19000003,55045071,84049035,128116106,116103094,91083076,87081070,93082074,94085076,103091081,112102095
9,20004006,21014021,33033077,36017039,27012035,72057054,96093095,80076074,118100089,96083075,71061055,70062062,76065067,73064055,76063055,85071072
9,45015001,14000001,15001013,14000001,11000000,34021035,20001008,60057099,106093085,100089081,74064057,82070070,72062057,81072059,90079075,88077071
9,29009002,22001000,77069064,87077072,110104097,112096096,203207213,246254228,114097088,109097085,96086074,96083075,86076068,93082074,87080071,100086077
9,80059054,94081079,79066055,63044034,41016022,79055064,51027035,51044070,99087077,111099089,91077065,74062055,80066057,83072064,70060053,83070062
9,70063062,79069062,71062059,42027024,12000003,16000001,21000002,11002027,99081070,112095086,90078068,74063058,76067058,66057048,67056048,82069061
9,71065066,86074072,65042027,83057051,89064038,111033005,51044049,77055085,94082076,103087080,94084074,88078074,82070060,82070060,81069064,83071065
9,55040054,18000001,15002004,68053075,23013026,44024020,103062034,41031062,93082074,107092083,97085079,56050051,79069061,89076067,71060052,85076078
9,93073068,92070054,37015003,38009001,43020037,92082082,77072074,73063064,109090082,114095082,87072057,78065057,96079070,99079071,80064058,91072065
9,81069069,82069063,77066058,77062059,92082082,94079073,85073068,77065063,95079072,109092079,95082074,88071063,94082070,96079072,83064056,97079072
9,236200183,63027013,56035029,17000003,53029021,89079075,66054060,75061062,91078070,112096080,94076065,90074062,107087076,86066058,89069062,73058051
10,96080039,98082036,96082038,95073037,126102047,150108037,108079035,89071038,103080035,112090038,116089038,104081035,104081035,107085037,94070034,108085036
10,68050008,74052004,0,0,0,0,82059009,78057006,86055001,98069000,84057000,73046000,87062000,74045000,72045001,74051003
10,0,0,0,0,0,0,0,0,92067011,89061000,92065001,77053001,81058002,78054001,67042002,63040001
10,72051006,91050001,101054008,87054000,83062001,90065005,79057005,65047000,117087006,106074001,83058002,78053003,88060000,76051001,74048001,88059000
10,93072020,89069012,107078013,0,0,120101040,106087032,78063015,116084013,107075004,70051001,78054000,90063000,73050000,76049002,94067003
10,0,0,0,0,0,0,0,0,93066005,108083011,103076002,81058002,91065001,80056002,80055000,87066014
10,97077029,93072017,0,0,0,0,116101038,95078021,139102018,116086009,96069002,84060001,77057001,97068001,83055001,84062004
10,0,0,0,0,0,0,0,0,115086003,111080001,92063000,91067000,95066000,94068000,81053003,81055000
10,101080018,73054002,91065000,0,0,141101011,117087009,125111055,106074000,121087003,96067002,77058001,91064001,88059002,74046000,89061001
10,0,0,0,0,0,0,0,0,106077002,121086002,107080000,84054000,55036000,77050002,100082013,97068011
11,0,0,0,0,0,0,0,0,69062032,71068040,80076057,55051027,67061036,83062029,115098058,67050027
11,67064056,229246239,216253253,77076056,139162157,224224210,218218202,95087074,66063032,62057032,54050021,55049026,68051017,94077036,57050025,58054026
11,74076054,49041014,54052027,52046026,63057037,95077044,98086054,110124072,55048026,66057029,60058031,51047022,67054033,64056028,60056027,57053027
11,110107086,82078053,70070050,138137091,246233158,171170160,123123102,124116087,77075045,73065036,64061040,69062033,66062034,59058031,53049024,57054026
11,75066029,69063034,52049029,59055031,100086050,107096062,94092060,72064033,68062029,58053029,65058031,75066032,60056027,63063035,60054027,65058038
11,110115107,72065039,97080041,79065033,121120096,99100079,109097059,160140098,70064035,73066033,52047026,54052028,58055027,66063032,47050037,69064040
11,143145138,87076056,160149130,85069038,124109078,206196163,129087052,86084067,72067036,75066036,52052025,42041023,64063037,58057031,55052024,66062043
11,79072047,74067034,80065031,64054016,73064027,94075040,77069042,77072042,63058031,90074038,53047024,55051027,65061037,60055030,66057030,50042019
11,101087050,67063034,65064027,156176165,169123070,238231196,233254250,105111066,93087052,72068040,62055026,58051028,53047023,66058029,50045024,68062033
11,74068039,65061032,75066039,97071035,72066038,70064036,73061033,76069042,76069034,74073039,64059040,62053033,51045023,57059047,52049024,56050032
11,113113097,184206207,253252216,205255255,119111081,206233239,154145134,105095071,79071042,92086057,79076045,72068037,77073045,94095074,78071046,83080049
11,89078050,81073040,84073042,80076048,101094060,123123095,101091057,75069045,73068043,82075042,78073035,76078056,106106076,89081051,75070039,75068049
11,85075045,75070039,0,0,0,0,94086054,72067046,75066039,88080050,82078036,80083062,100102074,90086047,77068039,76069044
12,21076079,14068071,1055055,9058062,22073075,33085091,38091094,21071074,15063065,22079083,21070072,17083092,9057058,17064066,14071068,5058061
12,40140154,13072073,11067072,7060063,26080080,48097097,36084086,18079082,19072076,33089090,25081085,4054061,18075074,26078077,14070071,6055057
12,33096100,11078089,25080087,24081083,50106115,61106107,37096098,28093101,54111112,49110114,24081082,28084089,35089089,44121128,26088088,32089090
12,65125141,47098102,41096088,33089094,41097091,54114120,78127125,43114124,48106105,49109108,38095094,29087093,31089088,36088088,5056059,30082088
12,41091100,35090093,22084083,26083088,50104103,76131136,35087090,16075077,32086093,55113117,27087083,28085089,56108114,38087089,35087090,21069071
12,52098105,62088084,57101090,45088086,30086087,29089091,23083089,38095100,43102104,43101102,33088091,38092099,43098099,38082081,28080080,24075077
12,98128121,75118109,206254255,88107099,25089093,30088094,34082086,57107113,42097100,48105104,37088090,41094097,36081078,36084086,24072074,35086088
12,8022,10011,32100103,77125123,122145134,71119118,121152154,1009026,38086085,40086086,30074073,22072071,33081082,28078080,20068071,38086088
12,49067055,49103110,39079071,17057057,54094084,20028004,34047015,20101118,51093094,47095096,40088089,41099101,38089089,23069068,24068067,27075077
12,26078090,20072078,35095095,47087089,44088081,57091086,31067075,19066074,42110123,41094094,29085080,37086088,15064066,28078078,17067067,65098101
12,36084090,27080083,27077077,35068052,6004,4023015,54079057,53120123,40087085,36085087,33086087,16064070,32080082,29075076,32077080,32092099
12,40066065,1027024,4017019,54050026,25039027,83117107,89112098,14026,58098104,63099099,47082081,46084083,45083083,49086083,32064069,60095081
12,40085090,34083089,36076081,74126132,80129132,68112111,53109120,49095102,63097096,37069074,60098101,40078078,44081085,50075077,46081084,42077081
12,59125134,63126130,61127135,50113127,38111116,41103110,33109118,39114128,79110111,70104103,67103103,54093093,64103105,76114118,61096099,59095101
12,46098104,28066066,32077081,97109094,92143146,69113114,68108113,25062060,46090091,56100103,37086084,27075076,14062066,36085087,34077081,39085092
12,46074063,23072073,28077079,39088090,38087088,75119118,77120104,63102082,22067071,59106107,43093095,24072073,39088089,41083082,37083084,34077080
12,45085090,34081083,33076078,36084087,34089089,29084087,33094098,30089094,51093098,44092096,34082084,33076079,47089091,31075076,23066069,49085089
12,45088093,41090092,55085082,43088089,37085085,53101099,47096094,47085086,64104102,49095098,42090091,37082085,27074075,44094090,17059066,32074077
12,71105105,59096094,41092094,30085090,50097099,80139141,90145146,26037027,58109111,47096097,50095095,37075077,34072077,41080082,45086086,36076076
12,53100103,29083089,11067068,69124125,74132138,43121136,35108120,174239243,49094093,49092087,39083084,41082083,35073075,37075075,63103108,34081079
12,35086088,40077069,70116112,71124131,70129134,65086063,46066050,55093091,68112113,48086086,37081082,43082084,38082081,48092086,48109101,81136145
12,25076078,18078079,13065069,48089091,79117111,151177165,69110113,44092097,55092091,64102101,37082085,41086089,40084085,45086088,43089090,62105108
13,1000022,1001005,4,8,4,2,2000028,1000020,1022,1022,1000020,1000020,1000020,1022,1001019,18
13,1000020,1001012,6,8,1000020,1000037,2001043,1000028,1001019,1022,1000020,1022,1000020,1000020,18,18
13,10,1008,1001,4,1001018,1019,1001019,1001019,1000020,1000020,1000020,18,14,1001019,16,18
13,1019,1000020,20,1000020,24,2000023,1000021,18,1000020,1022,1000020,1000020,1001019,18,1000016,14
13,1000020,1000020,18,1000025,1001022,2000021,1000020,12,1022,1022,1000020,1000027,14,12,14,18
13,1001019,18,0,0,0,0,6,15,15,1000020,1001019,18,17,18,1000021,1001015
13,24,1001031,0,0,0,0,4000005,1004043,1000026,24,1022,1000025,1000020,1000020,1000020,24
13,1000020,1022,0,0,0,0,10,20,1000020,1000020,1021,1019,24,1000020,20,17
13,1001025,1022,9,7,4,1000002,2000020,1000023,1000020,1022,18,2001021,1000020,1000020,18,1022
13,0,0,0,0,0,0,0,0,1022,1000020,1000020,1022,1000020,1000028,2000022,24
13,0,0,0,0,0,0,0,0,1000020,1000020,1000020,24,1000028,1000020,27,1000020
13,0,0,0,0,0,0,0,0,1029,1022,1000026,1029,1001031,1000027,1000020,2032
13,0,0,0,0,0,0,0,0,1000026,24,1022,24,1000027,1022,18,30
13,0,0,0,0,0,0,0,0,1000026,24,24,24,1001031,24,1000020,30
13,0,0,0,0,0,0,0,0,31,1001018,1000020,1022,1000020,1001016,24,1000020
13,0,0,0,0,0,0,0,0,24,1001019,1000020,1000020,1000020,1000020,1000020,1000020
13,0,0,0,0,0,0,0,0,1022,1022,1001025,1000028,1022,1000020,1022,1023
13,0,0,0,0,0,0,0,0,1000020,1000020,24,1022,1001025,1000020,1000022,1021
13,0,0,0,0,0,0,0,0,1001019,1022,1001022,21,1022,1000020,1000020,1000020
13,0,0,0,0,0,0,0,0,1000039,1000026,1021,1000020,1000020,1000020,1000021,1002034
13,0,0,0,0,0,0,0,0,1039,1022,1000020,1022,2001021,1000020,18,1023
13,0,0,0,0,0,0,0,0,1022,1022,1000020,1000020,1000020,1000020,3002022,1000020
13,0,0,0,0,0,0,0,0,1001019,1000026,1000020,1000020,1000020,1000020,1001019,1022
13,0,0,0,0,0,0,0,0,1022,1032,23,25,1021,24,1002040,1000028
13,0,0,0,0,0,0,0,0,6035,1001041,1022,30,1022,24,28,1000020
13,0,0,0,0,0,0,0,0,38,1009046,24,1000020,24,3001031,28,21
14,0,0,0,0,0,0,0,0,1013001,1013001,8001,1013001,12000,11000,11000,1013001
14,0,0,0,0,0,0,0,0,1013001,12000,12000,1013001,12000,1013001,14000,14000
14,0,0,0,0,0,0,0,0,17000,17000,16000,1013001,14000,2018001,15001,16000
14,0,0,0,0,0,0,0,0,14001,12000,9000,12000,1010000,1012000,9000,1013001
14,0,0,0,0,0,0,0,0,15001,17000,1013001,12000,15001,1014000,14000,1013001
14,0,0,0,0,0,0,0,0,15001,18001,14000,12000,1014000,11000,1013001,15001
14,0,0,0,0,0,0,0,0,14000,11000,1013001,11000,11000,1014000,14000,1010000
14,0,0,0,0,0,0,0,0,14000,12000,1014000,11000,1010000,12000,1013001,11000
14,0,0,0,0,0,0,0,0,1013001,14000,1013001,12000,1013001,1013001,1013001,15001
14,0,0,0,0,0,0,0,0,16000,17000,15001,1013001,2014002,1014001,1014001,11000
14,0,0,0,0,0,0,0,0,15001,11000,15001,12000,15001,11000,14000,15001
14,0,0,0,0,0,0,0,0,16000,14000,14000,1010000,14000,16000,15001,14000
14,0,0,0,0,0,0,0,0,1013001,15001,14000,2015001,1013001,15001,1013001,13000
14,0,0,0,0,0,0,0,0,16000,14000,15001,14000,14000,1014000,1013001,9000
14,0,0,0,0,0,0,0,0,18001,14000,1014000,1013001,1013001,15001,1013001,1010000
14,0,0,0,0,0,0,0,0,14000,1010000,12000,11000,1014000,12000,12000,15001
14,0,0,0,0,0,0,0,0,1017000,15001,15001,14000,1013001,14000,16000,16000
14,0,0,0,0,0,0,0,0,1013001,1014000,14000,11000,2018001,16000,3020000,12000
14,0,0,0,0,0,0,0,0,1014000,14000,1016002,16000,1017000,14002,2012000,15001
14,0,0,0,0,0,0,0,0,1013001,1016001,14000,14000,1013001,2012000,1013001,14000
14,0,0,0,0,0,0,0,0,8028002,19000,3017001,1014000,2012000,1013001,3013000,15001
14,0,0,0,0,0,0,0,0,20001,1022000,19000,17000,1020001,17000,19000,20001
14,0,0,0,0,0,0,0,0,19000,19000,19000,19000,15001,18001,15001,20001
14,0,0,0,0,0,0,0,0,21000,20001,20001,15001,19000,2024000,19000,1017000
14,0,0,0,0,0,0,0,0,18001,20001,16000,16000,15001,16000,19000,19000
14,0,0,0,0,0,0,0,0,1013001,12000,1013001,1013001,1013001,14000,10000,1013001
14,0,0,0,0,0,0,0,0,16001,15001,14000,15001,14000,14000,1013001,15001
14,0,0,0,0,0,0,0,0,14000,16000,15001,15001,14000,1013001,1013001,14000
14,0,0,0,0,0,0,0,0,19000,19000,19000,15001,19000,2015001,15001,19000
14,0,0,0,0,0,0,0,0,15001,18001,17000,16000,15001,19000,19000,16000
14,0,0,0,0,0,0,0,0,19000,19000,17000,16000,18001,19000,16000,16000
14,14000,1010000,1013001,0,0,1026000,1023000,22000,19000,19000,17000,17000,17000,15001,16000,2018000
15,0,0,0,0,0,0,0,0,149140103,148136100,149140103,130122085,126118080,132124087,133125096,142128092
15,0,0,0,0,0,0,0,0,157147113,142134095,137132100,129121092,129119083,126117079,130121084,142133097
15,48027000,97096063,117115085,0,0,52025000,76049003,59021000,152145112,159148110,141136097,132126097,144135101,137126088,127117083,143132098
15,0,0,0,0,0,0,0,0,129120084,149131094,138126090,125118084,140128093,130118082,133119083,128114078
15,0,0,0,0,0,0,0,0,135121085,150139103,142129092,128117085,133121086,116107074,122114077,141125089
15,0,0,0,0,0,0,0,0,144131093,162145106,142123085,138131096,126111072,143125084,142131098,146130093
15,0,0,0,0,0,0,0,0,131117091,137126090,117108075,129116082,129111080,130114081,125114080,111093063
15,0,0,0,0,0,0,0,0,143130094,135124086,131119083,127116084,118110079,116104070,124114084,126114080
15,0,0,0,0,0,0,0,0,139129095,140130096,132122092,123114081,107101072,129114081,126112076,120110080
15,66037000,0,0,0,0,0,0,45021000,148139103,150138103,145135098,132122091,126116082,133124086,130123090,151140112
15,0,0,0,0,0,0,0,0,136125093,143135098,134117082,129116078,129118080,123111077,135129098,133123089
15,20005000,0,0,0,0,0,0,26005000,138130101,135122086,131119084,126117084,126116082,120112082,119108076,131119083
15,0,0,0,0,0,0,0,0,143125088,148136104,142133099,114106076,118106071,123113079,125116083,99087058
15,0,0,0,0,0,0,0,0,159143102,146124083,143137103,123114085,127118084,133124086,132124087,146135105
15,0,0,0,0,0,0,0,0,154145107,157143107,131121087,141133096,129120086,111105076,145131095,127121084
15,25006000,0,0,0,0,0,0,32020008,133128099,145138109,146138108,134127090,132121083,141132095,143140103,140131101
16,0,0,0,0,0,0,0,0,91095059,84087047,70075039,79083048,80081047,88093055,73079044,98098068
16,0,0,0,0,0,0,0,0,81082048,83084055,82087055,77081046,91094055,83089054,88090054,93096060
16,0,0,0,0,0,0,0,0,87104067,98103062,86093057,105108075,105101060,102109068,103105071,99100062
16,0,0,0,0,0,0,0,0,77083060,66081052,70084052,58077054,101113092,82093061,74077042,55071052
16,0,0,0,0,0,0,0,0,77089059,75085054,77095062,76085058,78087055,89097067,66074050,100110078
16,0,0,0,0,0,0,0,0,56068040,86093065,68077056,61074058,77092072,72074045,84097072,65081052
16,0,0,0,0,0,0,0,0,90102067,94106078,70091071,77092062,58071049,111120085,68080058,93112088
16,0,0,0,0,0,0,0,0,74075041,73074041,49052025,56061034,60065033,65068040,81084053,68069036
16,0,0,0,0,0,0,0,0,68069035,61067044,68073041,51057022,65070038,84087057,82083049,78080044
16,0,0,0,0,0,0,0,0,113115073,102107080,88095060,103108078,115121088,123121080,105105069,91091058
